"Entidad_federativa","Nivel_educativo","Maestros","Escuelas","ciclo"
"Aguascalientes","Preescolar",1439,531,"2000-2001"
"Aguascalientes","Primaria",4852,713,"2000-2001"
"Aguascalientes","Secundaria",3582,292,"2000-2001"
"Aguascalientes","Media superior",2203,121,"2000-2001"
"Aguascalientes","Superior",2565,42,"2000-2001"
"Baja California","Preescolar",3079,908,"2000-2001"
"Baja California","Primaria",12044,1380,"2000-2001"
"Baja California","Secundaria",7928,422,"2000-2001"
"Baja California","Media superior",4518,162,"2000-2001"
"Baja California","Superior",6366,129,"2000-2001"
"Baja California Sur","Preescolar",702,276,"2000-2001"
"Baja California Sur","Primaria",2273,392,"2000-2001"
"Baja California Sur","Secundaria",1520,112,"2000-2001"
"Baja California Sur","Media superior",1195,50,"2000-2001"
"Baja California Sur","Superior",1048,27,"2000-2001"
"Campeche","Preescolar",1259,592,"2000-2001"
"Campeche","Primaria",4162,855,"2000-2001"
"Campeche","Secundaria",2409,218,"2000-2001"
"Campeche","Media superior",1760,77,"2000-2001"
"Campeche","Superior",1498,58,"2000-2001"
"Coahuila","Preescolar",3339,1350,"2000-2001"
"Coahuila","Primaria",11945,1814,"2000-2001"
"Coahuila","Secundaria",8324,456,"2000-2001"
"Coahuila","Media superior",5828,320,"2000-2001"
"Coahuila","Superior",6164,138,"2000-2001"
"Colima","Preescolar",863,334,"2000-2001"
"Colima","Primaria",2908,517,"2000-2001"
"Colima","Secundaria",2268,148,"2000-2001"
"Colima","Media superior",1414,64,"2000-2001"
"Colima","Superior",1347,55,"2000-2001"
"Chiapas","Preescolar",9545,5896,"2000-2001"
"Chiapas","Primaria",28616,8370,"2000-2001"
"Chiapas","Secundaria",9184,1234,"2000-2001"
"Chiapas","Media superior",5943,368,"2000-2001"
"Chiapas","Superior",4220,108,"2000-2001"
"Chihuahua","Preescolar",4235,1771,"2000-2001"
"Chihuahua","Primaria",16868,3110,"2000-2001"
"Chihuahua","Secundaria",7712,641,"2000-2001"
"Chihuahua","Media superior",5430,361,"2000-2001"
"Chihuahua","Superior",5245,89,"2000-2001"
"Ciudad de México","Preescolar",12015,3267,"2000-2001"
"Ciudad de México","Primaria",38959,3419,"2000-2001"
"Ciudad de México","Secundaria",34854,1352,"2000-2001"
"Ciudad de México","Media superior",29145,638,"2000-2001"
"Ciudad de México","Superior",52366,516,"2000-2001"
"Durango","Preescolar",2631,1409,"2000-2001"
"Durango","Primaria",10504,2575,"2000-2001"
"Durango","Secundaria",5783,764,"2000-2001"
"Durango","Media superior",3706,157,"2000-2001"
"Durango","Superior",2999,71,"2000-2001"
"Guanajuato","Preescolar",8643,4018,"2000-2001"
"Guanajuato","Primaria",25827,4682,"2000-2001"
"Guanajuato","Secundaria",12520,1392,"2000-2001"
"Guanajuato","Media superior",10005,631,"2000-2001"
"Guanajuato","Superior",8254,259,"2000-2001"
"Guerrero","Preescolar",7170,3231,"2000-2001"
"Guerrero","Primaria",23572,5067,"2000-2001"
"Guerrero","Secundaria",9578,1060,"2000-2001"
"Guerrero","Media superior",6193,241,"2000-2001"
"Guerrero","Superior",3102,109,"2000-2001"
"Hidalgo","Preescolar",4454,2949,"2000-2001"
"Hidalgo","Primaria",15328,3239,"2000-2001"
"Hidalgo","Secundaria",7443,1001,"2000-2001"
"Hidalgo","Media superior",4492,213,"2000-2001"
"Hidalgo","Superior",3017,60,"2000-2001"
"Jalisco","Preescolar",8932,3415,"2000-2001"
"Jalisco","Primaria",33259,5935,"2000-2001"
"Jalisco","Secundaria",19851,1519,"2000-2001"
"Jalisco","Media superior",17688,417,"2000-2001"
"Jalisco","Superior",13964,214,"2000-2001"
"México","Preescolar",13001,5231,"2000-2001"
"México","Primaria",63144,7149,"2000-2001"
"México","Secundaria",37876,2920,"2000-2001"
"México","Media superior",23143,872,"2000-2001"
"México","Superior",19271,266,"2000-2001"
"Michoacán","Preescolar",6766,3510,"2000-2001"
"Michoacán","Primaria",27791,5867,"2000-2001"
"Michoacán","Secundaria",11293,1193,"2000-2001"
"Michoacán","Media superior",6469,254,"2000-2001"
"Michoacán","Superior",4422,96,"2000-2001"
"Morelos","Preescolar",1894,838,"2000-2001"
"Morelos","Primaria",7254,983,"2000-2001"
"Morelos","Secundaria",4531,376,"2000-2001"
"Morelos","Media superior",3448,155,"2000-2001"
"Morelos","Superior",3347,80,"2000-2001"
"Nayarit","Preescolar",1748,1030,"2000-2001"
"Nayarit","Primaria",5587,1198,"2000-2001"
"Nayarit","Secundaria",4350,459,"2000-2001"
"Nayarit","Media superior",2471,178,"2000-2001"
"Nayarit","Superior",1394,31,"2000-2001"
"Nuevo León","Preescolar",5117,1660,"2000-2001"
"Nuevo León","Primaria",17710,2481,"2000-2001"
"Nuevo León","Secundaria",12817,743,"2000-2001"
"Nuevo León","Media superior",7528,344,"2000-2001"
"Nuevo León","Superior",9434,162,"2000-2001"
"Oaxaca","Preescolar",6826,3682,"2000-2001"
"Oaxaca","Primaria",25448,5492,"2000-2001"
"Oaxaca","Secundaria",9518,1582,"2000-2001"
"Oaxaca","Media superior",4739,317,"2000-2001"
"Oaxaca","Superior",2915,73,"2000-2001"
"Puebla","Preescolar",8123,3911,"2000-2001"
"Puebla","Primaria",26641,4478,"2000-2001"
"Puebla","Secundaria",15206,1791,"2000-2001"
"Puebla","Media superior",10517,741,"2000-2001"
"Puebla","Superior",10691,373,"2000-2001"
"Querétaro","Preescolar",2563,1265,"2000-2001"
"Querétaro","Primaria",7158,1385,"2000-2001"
"Querétaro","Secundaria",3772,388,"2000-2001"
"Querétaro","Media superior",2501,125,"2000-2001"
"Querétaro","Superior",3277,66,"2000-2001"
"Quintana Roo","Preescolar",1332,521,"2000-2001"
"Quintana Roo","Primaria",4604,719,"2000-2001"
"Quintana Roo","Secundaria",2958,239,"2000-2001"
"Quintana Roo","Media superior",1818,84,"2000-2001"
"Quintana Roo","Superior",978,24,"2000-2001"
"San Luis Potosí","Preescolar",5299,2691,"2000-2001"
"San Luis Potosí","Primaria",14616,3507,"2000-2001"
"San Luis Potosí","Secundaria",9331,1451,"2000-2001"
"San Luis Potosí","Media superior",4679,277,"2000-2001"
"San Luis Potosí","Superior",3640,84,"2000-2001"
"Sinaloa","Preescolar",4509,2402,"2000-2001"
"Sinaloa","Primaria",13850,3036,"2000-2001"
"Sinaloa","Secundaria",10048,723,"2000-2001"
"Sinaloa","Media superior",6258,312,"2000-2001"
"Sinaloa","Superior",4934,118,"2000-2001"
"Sonora","Preescolar",3271,1463,"2000-2001"
"Sonora","Primaria",11557,1840,"2000-2001"
"Sonora","Secundaria",6973,622,"2000-2001"
"Sonora","Media superior",5477,286,"2000-2001"
"Sonora","Superior",5394,106,"2000-2001"
"Tabasco","Preescolar",3730,1828,"2000-2001"
"Tabasco","Primaria",10062,2173,"2000-2001"
"Tabasco","Secundaria",5799,593,"2000-2001"
"Tabasco","Media superior",3584,185,"2000-2001"
"Tabasco","Superior",2870,49,"2000-2001"
"Tamaulipas","Preescolar",3851,1585,"2000-2001"
"Tamaulipas","Primaria",13786,2477,"2000-2001"
"Tamaulipas","Secundaria",8074,597,"2000-2001"
"Tamaulipas","Media superior",5483,260,"2000-2001"
"Tamaulipas","Superior",7956,179,"2000-2001"
"Tlaxcala","Preescolar",1495,663,"2000-2001"
"Tlaxcala","Primaria",5360,716,"2000-2001"
"Tlaxcala","Secundaria",3500,290,"2000-2001"
"Tlaxcala","Media superior",2307,127,"2000-2001"
"Tlaxcala","Superior",1594,43,"2000-2001"
"Veracruz","Preescolar",12950,7051,"2000-2001"
"Veracruz","Primaria",44644,9821,"2000-2001"
"Veracruz","Secundaria",18362,2278,"2000-2001"
"Veracruz","Media superior",13309,1071,"2000-2001"
"Veracruz","Superior",9344,263,"2000-2001"
"Yucatán","Preescolar",2617,1023,"2000-2001"
"Yucatán","Primaria",9056,1420,"2000-2001"
"Yucatán","Secundaria",6979,474,"2000-2001"
"Yucatán","Media superior",4611,229,"2000-2001"
"Yucatán","Superior",3073,102,"2000-2001"
"Zacatecas","Preescolar",2911,1539,"2000-2001"
"Zacatecas","Primaria",8830,2198,"2000-2001"
"Zacatecas","Secundaria",4780,1023,"2000-2001"
"Zacatecas","Media superior",2171,124,"2000-2001"
"Zacatecas","Superior",2003,59,"2000-2001"
"Aguascalientes","Preescolar",1830,606,"2005-2006"
"Aguascalientes","Primaria",5127,711,"2005-2006"
"Aguascalientes","Secundaria",4384,323,"2005-2006"
"Aguascalientes","Media superior",2871,141,"2005-2006"
"Aguascalientes","Superior",3383,59,"2005-2006"
"Baja California","Preescolar",4400,1276,"2005-2006"
"Baja California","Primaria",13747,1555,"2005-2006"
"Baja California","Secundaria",9855,505,"2005-2006"
"Baja California","Media superior",6482,248,"2005-2006"
"Baja California","Superior",7663,151,"2005-2006"
"Baja California Sur","Preescolar",922,331,"2005-2006"
"Baja California Sur","Primaria",2591,397,"2005-2006"
"Baja California Sur","Secundaria",1895,133,"2005-2006"
"Baja California Sur","Media superior",1565,71,"2005-2006"
"Baja California Sur","Superior",1849,34,"2005-2006"
"Campeche","Preescolar",1370,689,"2005-2006"
"Campeche","Primaria",4219,826,"2005-2006"
"Campeche","Secundaria",2599,261,"2005-2006"
"Campeche","Media superior",2125,105,"2005-2006"
"Campeche","Superior",2071,79,"2005-2006"
"Coahuila","Preescolar",4194,1754,"2005-2006"
"Coahuila","Primaria",12118,1822,"2005-2006"
"Coahuila","Secundaria",9211,496,"2005-2006"
"Coahuila","Media superior",6595,374,"2005-2006"
"Coahuila","Superior",8167,172,"2005-2006"
"Colima","Preescolar",1031,390,"2005-2006"
"Colima","Primaria",2917,477,"2005-2006"
"Colima","Secundaria",2632,161,"2005-2006"
"Colima","Media superior",1481,70,"2005-2006"
"Colima","Superior",2487,71,"2005-2006"
"Chiapas","Preescolar",11455,6801,"2005-2006"
"Chiapas","Primaria",30017,8587,"2005-2006"
"Chiapas","Secundaria",11780,1651,"2005-2006"
"Chiapas","Media superior",8174,532,"2005-2006"
"Chiapas","Superior",5753,145,"2005-2006"
"Chihuahua","Preescolar",5021,2155,"2005-2006"
"Chihuahua","Primaria",16927,2819,"2005-2006"
"Chihuahua","Secundaria",8756,705,"2005-2006"
"Chihuahua","Media superior",6951,435,"2005-2006"
"Chihuahua","Superior",7536,114,"2005-2006"
"Ciudad de México","Preescolar",13953,3684,"2005-2006"
"Ciudad de México","Primaria",36065,3386,"2005-2006"
"Ciudad de México","Secundaria",34554,1386,"2005-2006"
"Ciudad de México","Media superior",32272,674,"2005-2006"
"Ciudad de México","Superior",54543,579,"2005-2006"
"Durango","Preescolar",2963,1515,"2005-2006"
"Durango","Primaria",10088,2475,"2005-2006"
"Durango","Secundaria",6109,809,"2005-2006"
"Durango","Media superior",4275,199,"2005-2006"
"Durango","Superior",3591,94,"2005-2006"
"Guanajuato","Preescolar",9353,4125,"2005-2006"
"Guanajuato","Primaria",25777,4587,"2005-2006"
"Guanajuato","Secundaria",16636,1501,"2005-2006"
"Guanajuato","Media superior",10583,673,"2005-2006"
"Guanajuato","Superior",9626,254,"2005-2006"
"Guerrero","Preescolar",8407,3724,"2005-2006"
"Guerrero","Primaria",25212,4827,"2005-2006"
"Guerrero","Secundaria",10879,1365,"2005-2006"
"Guerrero","Media superior",6022,299,"2005-2006"
"Guerrero","Superior",4200,133,"2005-2006"
"Hidalgo","Preescolar",5256,3245,"2005-2006"
"Hidalgo","Primaria",16018,3240,"2005-2006"
"Hidalgo","Secundaria",8718,1108,"2005-2006"
"Hidalgo","Media superior",5385,251,"2005-2006"
"Hidalgo","Superior",4589,112,"2005-2006"
"Jalisco","Preescolar",12695,4851,"2005-2006"
"Jalisco","Primaria",32851,5819,"2005-2006"
"Jalisco","Secundaria",22004,1680,"2005-2006"
"Jalisco","Media superior",20322,519,"2005-2006"
"Jalisco","Superior",16532,261,"2005-2006"
"México","Preescolar",22889,8258,"2005-2006"
"México","Primaria",67304,7550,"2005-2006"
"México","Secundaria",42355,3340,"2005-2006"
"México","Media superior",31134,1175,"2005-2006"
"México","Superior",26675,375,"2005-2006"
"Michoacán","Preescolar",8291,3949,"2005-2006"
"Michoacán","Primaria",27731,5396,"2005-2006"
"Michoacán","Secundaria",12721,1360,"2005-2006"
"Michoacán","Media superior",7707,344,"2005-2006"
"Michoacán","Superior",6119,154,"2005-2006"
"Morelos","Preescolar",2611,992,"2005-2006"
"Morelos","Primaria",7427,1027,"2005-2006"
"Morelos","Secundaria",4797,407,"2005-2006"
"Morelos","Media superior",5094,296,"2005-2006"
"Morelos","Superior",4709,112,"2005-2006"
"Nayarit","Preescolar",1839,1003,"2005-2006"
"Nayarit","Primaria",5654,1164,"2005-2006"
"Nayarit","Secundaria",4754,502,"2005-2006"
"Nayarit","Media superior",2512,219,"2005-2006"
"Nayarit","Superior",2151,50,"2005-2006"
"Nuevo León","Preescolar",8343,2647,"2005-2006"
"Nuevo León","Primaria",19450,2567,"2005-2006"
"Nuevo León","Secundaria",13771,821,"2005-2006"
"Nuevo León","Media superior",9327,409,"2005-2006"
"Nuevo León","Superior",10810,211,"2005-2006"
"Oaxaca","Preescolar",8504,4147,"2005-2006"
"Oaxaca","Primaria",26847,5612,"2005-2006"
"Oaxaca","Secundaria",11781,1872,"2005-2006"
"Oaxaca","Media superior",6684,561,"2005-2006"
"Oaxaca","Superior",4557,101,"2005-2006"
"Puebla","Preescolar",10511,4555,"2005-2006"
"Puebla","Primaria",27099,4491,"2005-2006"
"Puebla","Secundaria",17217,1991,"2005-2006"
"Puebla","Media superior",13808,1188,"2005-2006"
"Puebla","Superior",15407,424,"2005-2006"
"Querétaro","Preescolar",3313,1435,"2005-2006"
"Querétaro","Primaria",7552,1413,"2005-2006"
"Querétaro","Secundaria",4385,445,"2005-2006"
"Querétaro","Media superior",3818,200,"2005-2006"
"Querétaro","Superior",4379,82,"2005-2006"
"Quintana Roo","Preescolar",1584,561,"2005-2006"
"Quintana Roo","Primaria",5207,746,"2005-2006"
"Quintana Roo","Secundaria",3961,296,"2005-2006"
"Quintana Roo","Media superior",2471,119,"2005-2006"
"Quintana Roo","Superior",2226,44,"2005-2006"
"San Luis Potosí","Preescolar",5945,2896,"2005-2006"
"San Luis Potosí","Primaria",14580,3455,"2005-2006"
"San Luis Potosí","Secundaria",10112,1526,"2005-2006"
"San Luis Potosí","Media superior",5844,408,"2005-2006"
"San Luis Potosí","Superior",4908,103,"2005-2006"
"Sinaloa","Preescolar",4810,2346,"2005-2006"
"Sinaloa","Primaria",13678,2790,"2005-2006"
"Sinaloa","Secundaria",10700,788,"2005-2006"
"Sinaloa","Media superior",7350,334,"2005-2006"
"Sinaloa","Superior",6351,151,"2005-2006"
"Sonora","Preescolar",3865,1474,"2005-2006"
"Sonora","Primaria",11899,1796,"2005-2006"
"Sonora","Secundaria",7704,636,"2005-2006"
"Sonora","Media superior",5935,317,"2005-2006"
"Sonora","Superior",6786,153,"2005-2006"
"Tabasco","Preescolar",4115,1981,"2005-2006"
"Tabasco","Primaria",9982,2143,"2005-2006"
"Tabasco","Secundaria",6616,692,"2005-2006"
"Tabasco","Media superior",5072,249,"2005-2006"
"Tabasco","Superior",4304,67,"2005-2006"
"Tamaulipas","Preescolar",4848,1793,"2005-2006"
"Tamaulipas","Primaria",14352,2417,"2005-2006"
"Tamaulipas","Secundaria",9491,663,"2005-2006"
"Tamaulipas","Media superior",6765,330,"2005-2006"
"Tamaulipas","Superior",8646,199,"2005-2006"
"Tlaxcala","Preescolar",1861,772,"2005-2006"
"Tlaxcala","Primaria",5732,761,"2005-2006"
"Tlaxcala","Secundaria",3844,324,"2005-2006"
"Tlaxcala","Media superior",2470,139,"2005-2006"
"Tlaxcala","Superior",2050,52,"2005-2006"
"Veracruz","Preescolar",14831,7495,"2005-2006"
"Veracruz","Primaria",45578,9744,"2005-2006"
"Veracruz","Secundaria",20687,2644,"2005-2006"
"Veracruz","Media superior",17110,1548,"2005-2006"
"Veracruz","Superior",11938,371,"2005-2006"
"Yucatán","Preescolar",3623,1269,"2005-2006"
"Yucatán","Primaria",8895,1376,"2005-2006"
"Yucatán","Secundaria",7744,511,"2005-2006"
"Yucatán","Media superior",4928,246,"2005-2006"
"Yucatán","Superior",5184,129,"2005-2006"
"Zacatecas","Preescolar",3208,1618,"2005-2006"
"Zacatecas","Primaria",8701,2069,"2005-2006"
"Zacatecas","Secundaria",5583,1110,"2005-2006"
"Zacatecas","Media superior",2797,168,"2005-2006"
"Zacatecas","Superior",2699,80,"2005-2006"
"Aguascalientes","Preescolar",2066,659,"2010-2011"
"Aguascalientes","Primaria",5304,752,"2010-2011"
"Aguascalientes","Secundaria",5152,348,"2010-2011"
"Aguascalientes","Media superior",3239,160,"2010-2011"
"Aguascalientes","Superior",4700,67,"2010-2011"
"Baja California","Preescolar",4899,1421,"2010-2011"
"Baja California","Primaria",15253,1702,"2010-2011"
"Baja California","Secundaria",11612,594,"2010-2011"
"Baja California","Media superior",6957,313,"2010-2011"
"Baja California","Superior",9741,176,"2010-2011"
"Baja California Sur","Preescolar",1110,396,"2010-2011"
"Baja California Sur","Primaria",3044,435,"2010-2011"
"Baja California Sur","Secundaria",2116,154,"2010-2011"
"Baja California Sur","Media superior",1700,80,"2010-2011"
"Baja California Sur","Superior",2076,45,"2010-2011"
"Campeche","Preescolar",1690,740,"2010-2011"
"Campeche","Primaria",4329,806,"2010-2011"
"Campeche","Secundaria",2960,318,"2010-2011"
"Campeche","Media superior",2130,112,"2010-2011"
"Campeche","Superior",2372,82,"2010-2011"
"Coahuila","Preescolar",4664,1803,"2010-2011"
"Coahuila","Primaria",12603,1889,"2010-2011"
"Coahuila","Secundaria",10413,550,"2010-2011"
"Coahuila","Media superior",7426,416,"2010-2011"
"Coahuila","Superior",9367,187,"2010-2011"
"Colima","Preescolar",1094,401,"2010-2011"
"Colima","Primaria",3037,490,"2010-2011"
"Colima","Secundaria",3035,168,"2010-2011"
"Colima","Media superior",1726,97,"2010-2011"
"Colima","Superior",2577,77,"2010-2011"
"Chiapas","Preescolar",12324,7364,"2010-2011"
"Chiapas","Primaria",30041,8511,"2010-2011"
"Chiapas","Secundaria",14068,1964,"2010-2011"
"Chiapas","Media superior",9915,723,"2010-2011"
"Chiapas","Superior",7610,211,"2010-2011"
"Chihuahua","Preescolar",5654,2390,"2010-2011"
"Chihuahua","Primaria",16971,2856,"2010-2011"
"Chihuahua","Secundaria",9651,765,"2010-2011"
"Chihuahua","Media superior",7402,506,"2010-2011"
"Chihuahua","Superior",9807,158,"2010-2011"
"Ciudad de México","Preescolar",13745,3795,"2010-2011"
"Ciudad de México","Primaria",33469,3283,"2010-2011"
"Ciudad de México","Secundaria",34203,1400,"2010-2011"
"Ciudad de México","Media superior",34572,683,"2010-2011"
"Ciudad de México","Superior",63379,655,"2010-2011"
"Durango","Preescolar",3452,1850,"2010-2011"
"Durango","Primaria",10232,2615,"2010-2011"
"Durango","Secundaria",6892,921,"2010-2011"
"Durango","Media superior",4239,218,"2010-2011"
"Durango","Superior",4614,102,"2010-2011"
"Guanajuato","Preescolar",10747,4516,"2010-2011"
"Guanajuato","Primaria",26371,4702,"2010-2011"
"Guanajuato","Secundaria",16218,1649,"2010-2011"
"Guanajuato","Media superior",11291,783,"2010-2011"
"Guanajuato","Superior",10506,308,"2010-2011"
"Guerrero","Preescolar",9608,3991,"2010-2011"
"Guerrero","Primaria",24793,4742,"2010-2011"
"Guerrero","Secundaria",12420,1720,"2010-2011"
"Guerrero","Media superior",6256,341,"2010-2011"
"Guerrero","Superior",4361,156,"2010-2011"
"Hidalgo","Preescolar",5633,3324,"2010-2011"
"Hidalgo","Primaria",15628,3261,"2010-2011"
"Hidalgo","Secundaria",9165,1194,"2010-2011"
"Hidalgo","Media superior",6134,293,"2010-2011"
"Hidalgo","Superior",6472,146,"2010-2011"
"Jalisco","Preescolar",14571,5329,"2010-2011"
"Jalisco","Primaria",34154,5941,"2010-2011"
"Jalisco","Secundaria",24217,1918,"2010-2011"
"Jalisco","Media superior",15877,823,"2010-2011"
"Jalisco","Superior",18805,331,"2010-2011"
"México","Preescolar",24392,8194,"2010-2011"
"México","Primaria",68395,7769,"2010-2011"
"México","Secundaria",43590,3611,"2010-2011"
"México","Media superior",37411,1416,"2010-2011"
"México","Superior",33058,521,"2010-2011"
"Michoacán","Preescolar",10119,4437,"2010-2011"
"Michoacán","Primaria",27720,5270,"2010-2011"
"Michoacán","Secundaria",13889,1577,"2010-2011"
"Michoacán","Media superior",9541,626,"2010-2011"
"Michoacán","Superior",7972,215,"2010-2011"
"Morelos","Preescolar",3036,1167,"2010-2011"
"Morelos","Primaria",7768,1116,"2010-2011"
"Morelos","Secundaria",6072,468,"2010-2011"
"Morelos","Media superior",5379,314,"2010-2011"
"Morelos","Superior",5762,138,"2010-2011"
"Nayarit","Preescolar",2180,1108,"2010-2011"
"Nayarit","Primaria",5526,1183,"2010-2011"
"Nayarit","Secundaria",5344,550,"2010-2011"
"Nayarit","Media superior",2795,272,"2010-2011"
"Nayarit","Superior",2888,61,"2010-2011"
"Nuevo León","Preescolar",9555,2909,"2010-2011"
"Nuevo León","Primaria",21961,2786,"2010-2011"
"Nuevo León","Secundaria",15631,962,"2010-2011"
"Nuevo León","Media superior",9970,485,"2010-2011"
"Nuevo León","Superior",13307,263,"2010-2011"
"Oaxaca","Preescolar",9987,4534,"2010-2011"
"Oaxaca","Primaria",26698,5584,"2010-2011"
"Oaxaca","Secundaria",13318,2209,"2010-2011"
"Oaxaca","Media superior",7323,633,"2010-2011"
"Oaxaca","Superior",5854,136,"2010-2011"
"Puebla","Preescolar",12227,4917,"2010-2011"
"Puebla","Primaria",27964,4525,"2010-2011"
"Puebla","Secundaria",18726,2133,"2010-2011"
"Puebla","Media superior",15667,1441,"2010-2011"
"Puebla","Superior",16920,534,"2010-2011"
"Querétaro","Preescolar",3830,1531,"2010-2011"
"Querétaro","Primaria",8181,1490,"2010-2011"
"Querétaro","Secundaria",4923,492,"2010-2011"
"Querétaro","Media superior",4438,219,"2010-2011"
"Querétaro","Superior",6499,116,"2010-2011"
"Quintana Roo","Preescolar",2043,689,"2010-2011"
"Quintana Roo","Primaria",5733,834,"2010-2011"
"Quintana Roo","Secundaria",5342,378,"2010-2011"
"Quintana Roo","Media superior",3106,137,"2010-2011"
"Quintana Roo","Superior",3513,58,"2010-2011"
"San Luis Potosí","Preescolar",6607,3181,"2010-2011"
"San Luis Potosí","Primaria",14589,3423,"2010-2011"
"San Luis Potosí","Secundaria",10942,1631,"2010-2011"
"San Luis Potosí","Media superior",6275,433,"2010-2011"
"San Luis Potosí","Superior",5768,109,"2010-2011"
"Sinaloa","Preescolar",5416,2462,"2010-2011"
"Sinaloa","Primaria",13312,2866,"2010-2011"
"Sinaloa","Secundaria",12033,891,"2010-2011"
"Sinaloa","Media superior",8005,350,"2010-2011"
"Sinaloa","Superior",7389,150,"2010-2011"
"Sonora","Preescolar",4418,1614,"2010-2011"
"Sonora","Primaria",12816,1845,"2010-2011"
"Sonora","Secundaria",8440,683,"2010-2011"
"Sonora","Media superior",6466,316,"2010-2011"
"Sonora","Superior",7888,181,"2010-2011"
"Tabasco","Preescolar",4683,2056,"2010-2011"
"Tabasco","Primaria",10202,2130,"2010-2011"
"Tabasco","Secundaria",7299,741,"2010-2011"
"Tabasco","Media superior",5409,278,"2010-2011"
"Tabasco","Superior",5501,89,"2010-2011"
"Tamaulipas","Preescolar",6039,2370,"2010-2011"
"Tamaulipas","Primaria",15026,2513,"2010-2011"
"Tamaulipas","Secundaria",11136,736,"2010-2011"
"Tamaulipas","Media superior",7393,356,"2010-2011"
"Tamaulipas","Superior",9927,232,"2010-2011"
"Tlaxcala","Preescolar",2259,857,"2010-2011"
"Tlaxcala","Primaria",6021,793,"2010-2011"
"Tlaxcala","Secundaria",4463,354,"2010-2011"
"Tlaxcala","Media superior",3198,188,"2010-2011"
"Tlaxcala","Superior",2649,70,"2010-2011"
"Veracruz","Preescolar",16958,8117,"2010-2011"
"Veracruz","Primaria",46216,9789,"2010-2011"
"Veracruz","Secundaria",24000,3097,"2010-2011"
"Veracruz","Media superior",18891,1665,"2010-2011"
"Veracruz","Superior",13233,450,"2010-2011"
"Yucatán","Preescolar",3819,1267,"2010-2011"
"Yucatán","Primaria",9244,1387,"2010-2011"
"Yucatán","Secundaria",8676,595,"2010-2011"
"Yucatán","Media superior",5070,247,"2010-2011"
"Yucatán","Superior",6469,161,"2010-2011"
"Zacatecas","Preescolar",3597,1745,"2010-2011"
"Zacatecas","Primaria",8788,2031,"2010-2011"
"Zacatecas","Secundaria",5778,1150,"2010-2011"
"Zacatecas","Media superior",3068,186,"2010-2011"
"Zacatecas","Superior",4195,104,"2010-2011"
"Aguascalientes","Preescolar",2124,640,"2015-2016"
"Aguascalientes","Primaria",5010,708,"2015-2016"
"Aguascalientes","Secundaria",5216,355,"2015-2016"
"Aguascalientes","Media superior",5588,302,"2015-2016"
"Aguascalientes","Superior",5668,55,"2015-2016"
"Baja California","Preescolar",4956,1427,"2015-2016"
"Baja California","Primaria",14633,1650,"2015-2016"
"Baja California","Secundaria",13915,670,"2015-2016"
"Baja California","Media superior",10656,400,"2015-2016"
"Baja California","Superior",12813,143,"2015-2016"
"Baja California Sur","Preescolar",1191,421,"2015-2016"
"Baja California Sur","Primaria",3219,446,"2015-2016"
"Baja California Sur","Secundaria",2674,189,"2015-2016"
"Baja California Sur","Media superior",2937,133,"2015-2016"
"Baja California Sur","Superior",2346,35,"2015-2016"
"Campeche","Preescolar",1805,695,"2015-2016"
"Campeche","Primaria",4397,778,"2015-2016"
"Campeche","Secundaria",3327,333,"2015-2016"
"Campeche","Media superior",2935,137,"2015-2016"
"Campeche","Superior",2643,70,"2015-2016"
"Coahuila","Preescolar",4707,1729,"2015-2016"
"Coahuila","Primaria",12086,1840,"2015-2016"
"Coahuila","Secundaria",12017,625,"2015-2016"
"Coahuila","Media superior",12009,678,"2015-2016"
"Coahuila","Superior",10748,155,"2015-2016"
"Colima","Preescolar",1223,422,"2015-2016"
"Colima","Primaria",3235,497,"2015-2016"
"Colima","Secundaria",3220,178,"2015-2016"
"Colima","Media superior",3249,180,"2015-2016"
"Colima","Superior",2791,53,"2015-2016"
"Chiapas","Preescolar",13126,7237,"2015-2016"
"Chiapas","Primaria",31423,8505,"2015-2016"
"Chiapas","Secundaria",15232,2252,"2015-2016"
"Chiapas","Media superior",12828,1038,"2015-2016"
"Chiapas","Superior",9297,214,"2015-2016"
"Chihuahua","Preescolar",5557,2259,"2015-2016"
"Chihuahua","Primaria",16908,2834,"2015-2016"
"Chihuahua","Secundaria",10599,966,"2015-2016"
"Chihuahua","Media superior",11410,648,"2015-2016"
"Chihuahua","Superior",12358,155,"2015-2016"
"Ciudad de México","Preescolar",13808,3627,"2015-2016"
"Ciudad de México","Primaria",32592,3201,"2015-2016"
"Ciudad de México","Secundaria",33226,1352,"2015-2016"
"Ciudad de México","Media superior",48488,663,"2015-2016"
"Ciudad de México","Superior",69768,460,"2015-2016"
"Durango","Preescolar",3665,1751,"2015-2016"
"Durango","Primaria",10252,2573,"2015-2016"
"Durango","Secundaria",7403,956,"2015-2016"
"Durango","Media superior",6327,344,"2015-2016"
"Durango","Superior",6141,88,"2015-2016"
"Guanajuato","Preescolar",10884,4354,"2015-2016"
"Guanajuato","Primaria",25987,4479,"2015-2016"
"Guanajuato","Secundaria",18676,1813,"2015-2016"
"Guanajuato","Media superior",19742,1197,"2015-2016"
"Guanajuato","Superior",15146,247,"2015-2016"
"Guerrero","Preescolar",10111,3945,"2015-2016"
"Guerrero","Primaria",23290,4618,"2015-2016"
"Guerrero","Secundaria",13135,1915,"2015-2016"
"Guerrero","Media superior",9704,732,"2015-2016"
"Guerrero","Superior",4763,135,"2015-2016"
"Hidalgo","Preescolar",6125,3292,"2015-2016"
"Hidalgo","Primaria",16275,3254,"2015-2016"
"Hidalgo","Secundaria",9899,1287,"2015-2016"
"Hidalgo","Media superior",12182,573,"2015-2016"
"Hidalgo","Superior",8977,132,"2015-2016"
"Jalisco","Preescolar",14518,5365,"2015-2016"
"Jalisco","Primaria",34340,5859,"2015-2016"
"Jalisco","Secundaria",26917,2121,"2015-2016"
"Jalisco","Media superior",28948,1135,"2015-2016"
"Jalisco","Superior",27026,285,"2015-2016"
"México","Preescolar",25260,8041,"2015-2016"
"México","Primaria",69682,7813,"2015-2016"
"México","Secundaria",44810,3796,"2015-2016"
"México","Media superior",54957,2154,"2015-2016"
"México","Superior",40948,433,"2015-2016"
"Michoacán","Preescolar",10972,4218,"2015-2016"
"Michoacán","Primaria",29099,5222,"2015-2016"
"Michoacán","Secundaria",14942,1736,"2015-2016"
"Michoacán","Media superior",14233,772,"2015-2016"
"Michoacán","Superior",10281,241,"2015-2016"
"Morelos","Preescolar",3307,1231,"2015-2016"
"Morelos","Primaria",8003,1184,"2015-2016"
"Morelos","Secundaria",6638,498,"2015-2016"
"Morelos","Media superior",8100,357,"2015-2016"
"Morelos","Superior",8132,118,"2015-2016"
"Nayarit","Preescolar",2283,1115,"2015-2016"
"Nayarit","Primaria",5739,1197,"2015-2016"
"Nayarit","Secundaria",5536,582,"2015-2016"
"Nayarit","Media superior",4817,333,"2015-2016"
"Nayarit","Superior",2882,48,"2015-2016"
"Nuevo León","Preescolar",9785,2795,"2015-2016"
"Nuevo León","Primaria",22437,2740,"2015-2016"
"Nuevo León","Secundaria",16794,1081,"2015-2016"
"Nuevo León","Media superior",14715,558,"2015-2016"
"Nuevo León","Superior",17579,237,"2015-2016"
"Oaxaca","Preescolar",11360,4747,"2015-2016"
"Oaxaca","Primaria",27795,5626,"2015-2016"
"Oaxaca","Secundaria",14936,2486,"2015-2016"
"Oaxaca","Media superior",10466,728,"2015-2016"
"Oaxaca","Superior",7462,123,"2015-2016"
"Puebla","Preescolar",12786,4918,"2015-2016"
"Puebla","Primaria",28657,4624,"2015-2016"
"Puebla","Secundaria",19546,2239,"2015-2016"
"Puebla","Media superior",17686,1778,"2015-2016"
"Puebla","Superior",17873,486,"2015-2016"
"Querétaro","Preescolar",4033,1537,"2015-2016"
"Querétaro","Primaria",8390,1511,"2015-2016"
"Querétaro","Secundaria",5716,530,"2015-2016"
"Querétaro","Media superior",6483,286,"2015-2016"
"Querétaro","Superior",8672,91,"2015-2016"
"Quintana Roo","Preescolar",2240,750,"2015-2016"
"Quintana Roo","Primaria",5801,860,"2015-2016"
"Quintana Roo","Secundaria",5277,428,"2015-2016"
"Quintana Roo","Media superior",5897,244,"2015-2016"
"Quintana Roo","Superior",4201,52,"2015-2016"
"San Luis Potosí","Preescolar",6632,3072,"2015-2016"
"San Luis Potosí","Primaria",14573,3299,"2015-2016"
"San Luis Potosí","Secundaria",11437,1694,"2015-2016"
"San Luis Potosí","Media superior",8076,494,"2015-2016"
"San Luis Potosí","Superior",6859,100,"2015-2016"
"Sinaloa","Preescolar",5529,2354,"2015-2016"
"Sinaloa","Primaria",12724,2601,"2015-2016"
"Sinaloa","Secundaria",13037,946,"2015-2016"
"Sinaloa","Media superior",10769,572,"2015-2016"
"Sinaloa","Superior",10054,129,"2015-2016"
"Sonora","Preescolar",4643,1624,"2015-2016"
"Sonora","Primaria",12572,1885,"2015-2016"
"Sonora","Secundaria",9442,748,"2015-2016"
"Sonora","Media superior",9938,367,"2015-2016"
"Sonora","Superior",9971,152,"2015-2016"
"Tabasco","Preescolar",5019,2077,"2015-2016"
"Tabasco","Primaria",10353,2105,"2015-2016"
"Tabasco","Secundaria",7517,764,"2015-2016"
"Tabasco","Media superior",8009,354,"2015-2016"
"Tabasco","Superior",7913,74,"2015-2016"
"Tamaulipas","Preescolar",6165,2377,"2015-2016"
"Tamaulipas","Primaria",14577,2422,"2015-2016"
"Tamaulipas","Secundaria",11645,782,"2015-2016"
"Tamaulipas","Media superior",12931,468,"2015-2016"
"Tamaulipas","Superior",11400,186,"2015-2016"
"Tlaxcala","Preescolar",2415,858,"2015-2016"
"Tlaxcala","Primaria",6160,795,"2015-2016"
"Tlaxcala","Secundaria",5043,375,"2015-2016"
"Tlaxcala","Media superior",4843,210,"2015-2016"
"Tlaxcala","Superior",3253,60,"2015-2016"
"Veracruz","Preescolar",16933,7570,"2015-2016"
"Veracruz","Primaria",46372,9606,"2015-2016"
"Veracruz","Secundaria",25835,3397,"2015-2016"
"Veracruz","Media superior",31614,1814,"2015-2016"
"Veracruz","Superior",16570,380,"2015-2016"
"Yucatán","Preescolar",3895,1232,"2015-2016"
"Yucatán","Primaria",9282,1397,"2015-2016"
"Yucatán","Secundaria",8947,640,"2015-2016"
"Yucatán","Media superior",6813,445,"2015-2016"
"Yucatán","Superior",7173,134,"2015-2016"
"Zacatecas","Preescolar",3724,1729,"2015-2016"
"Zacatecas","Primaria",8347,1875,"2015-2016"
"Zacatecas","Secundaria",6023,1151,"2015-2016"
"Zacatecas","Media superior",4651,289,"2015-2016"
"Zacatecas","Superior",4511,72,"2015-2016"
"Aguascalientes","Preescolar",2182,665,"2020-2021"
"Aguascalientes","Primaria",5048,713,"2020-2021"
"Aguascalientes","Secundaria",5358,372,"2020-2021"
"Aguascalientes","Media superior",5843,306,"2020-2021"
"Aguascalientes","Superior",5710,64,"2020-2021"
"Baja California","Preescolar",4896,1451,"2020-2021"
"Baja California","Primaria",14362,1617,"2020-2021"
"Baja California","Secundaria",12396,666,"2020-2021"
"Baja California","Media superior",14181,428,"2020-2021"
"Baja California","Superior",13845,172,"2020-2021"
"Baja California Sur","Preescolar",1274,424,"2020-2021"
"Baja California Sur","Primaria",3427,444,"2020-2021"
"Baja California Sur","Secundaria",2737,194,"2020-2021"
"Baja California Sur","Media superior",3117,158,"2020-2021"
"Baja California Sur","Superior",2378,42,"2020-2021"
"Campeche","Preescolar",1844,704,"2020-2021"
"Campeche","Primaria",4293,753,"2020-2021"
"Campeche","Secundaria",3002,353,"2020-2021"
"Campeche","Media superior",3017,149,"2020-2021"
"Campeche","Superior",2625,73,"2020-2021"
"Coahuila","Preescolar",5114,1819,"2020-2021"
"Coahuila","Primaria",12202,1829,"2020-2021"
"Coahuila","Secundaria",11081,646,"2020-2021"
"Coahuila","Media superior",10924,702,"2020-2021"
"Coahuila","Superior",10809,182,"2020-2021"
"Colima","Preescolar",1249,410,"2020-2021"
"Colima","Primaria",3223,479,"2020-2021"
"Colima","Secundaria",3006,177,"2020-2021"
"Colima","Media superior",2892,184,"2020-2021"
"Colima","Superior",2455,50,"2020-2021"
"Chiapas","Preescolar",13167,7156,"2020-2021"
"Chiapas","Primaria",31392,8328,"2020-2021"
"Chiapas","Secundaria",15776,2560,"2020-2021"
"Chiapas","Media superior",13854,1052,"2020-2021"
"Chiapas","Superior",8682,224,"2020-2021"
"Chihuahua","Preescolar",5448,2142,"2020-2021"
"Chihuahua","Primaria",16441,2664,"2020-2021"
"Chihuahua","Secundaria",10297,962,"2020-2021"
"Chihuahua","Media superior",11420,610,"2020-2021"
"Chihuahua","Superior",11212,169,"2020-2021"
"Ciudad de México","Preescolar",12757,3150,"2020-2021"
"Ciudad de México","Primaria",31528,3002,"2020-2021"
"Ciudad de México","Secundaria",30746,1321,"2020-2021"
"Ciudad de México","Media superior",35191,567,"2020-2021"
"Ciudad de México","Superior",78123,500,"2020-2021"
"Durango","Preescolar",3819,1749,"2020-2021"
"Durango","Primaria",10288,2457,"2020-2021"
"Durango","Secundaria",7297,974,"2020-2021"
"Durango","Media superior",6546,352,"2020-2021"
"Durango","Superior",5880,101,"2020-2021"
"Guanajuato","Preescolar",10620,4197,"2020-2021"
"Guanajuato","Primaria",25776,4358,"2020-2021"
"Guanajuato","Secundaria",18096,1861,"2020-2021"
"Guanajuato","Media superior",19458,1265,"2020-2021"
"Guanajuato","Superior",15576,266,"2020-2021"
"Guerrero","Preescolar",10051,3862,"2020-2021"
"Guerrero","Primaria",21879,4446,"2020-2021"
"Guerrero","Secundaria",13012,1942,"2020-2021"
"Guerrero","Media superior",9750,840,"2020-2021"
"Guerrero","Superior",5220,180,"2020-2021"
"Hidalgo","Preescolar",6035,3098,"2020-2021"
"Hidalgo","Primaria",16529,3181,"2020-2021"
"Hidalgo","Secundaria",10403,1347,"2020-2021"
"Hidalgo","Media superior",11348,552,"2020-2021"
"Hidalgo","Superior",8844,141,"2020-2021"
"Jalisco","Preescolar",14338,5188,"2020-2021"
"Jalisco","Primaria",33922,5647,"2020-2021"
"Jalisco","Secundaria",27292,2164,"2020-2021"
"Jalisco","Media superior",28444,1158,"2020-2021"
"Jalisco","Superior",26251,308,"2020-2021"
"México","Preescolar",24602,7724,"2020-2021"
"México","Primaria",69474,7832,"2020-2021"
"México","Secundaria",46184,3939,"2020-2021"
"México","Media superior",59464,2259,"2020-2021"
"México","Superior",45751,554,"2020-2021"
"Michoacán","Preescolar",11369,4270,"2020-2021"
"Michoacán","Primaria",27958,5001,"2020-2021"
"Michoacán","Secundaria",15183,1861,"2020-2021"
"Michoacán","Media superior",14097,794,"2020-2021"
"Michoacán","Superior",11412,277,"2020-2021"
"Morelos","Preescolar",3074,1245,"2020-2021"
"Morelos","Primaria",8293,1224,"2020-2021"
"Morelos","Secundaria",6974,545,"2020-2021"
"Morelos","Media superior",7553,337,"2020-2021"
"Morelos","Superior",8738,160,"2020-2021"
"Nayarit","Preescolar",2342,1138,"2020-2021"
"Nayarit","Primaria",5791,1203,"2020-2021"
"Nayarit","Secundaria",5229,620,"2020-2021"
"Nayarit","Media superior",4829,317,"2020-2021"
"Nayarit","Superior",2828,50,"2020-2021"
"Nuevo León","Preescolar",9601,2748,"2020-2021"
"Nuevo León","Primaria",22200,2725,"2020-2021"
"Nuevo León","Secundaria",16870,1174,"2020-2021"
"Nuevo León","Media superior",13168,597,"2020-2021"
"Nuevo León","Superior",18034,247,"2020-2021"
"Oaxaca","Preescolar",10617,4710,"2020-2021"
"Oaxaca","Primaria",27026,5545,"2020-2021"
"Oaxaca","Secundaria",14899,2649,"2020-2021"
"Oaxaca","Media superior",10790,801,"2020-2021"
"Oaxaca","Superior",7038,148,"2020-2021"
"Puebla","Preescolar",12850,4898,"2020-2021"
"Puebla","Primaria",29072,4640,"2020-2021"
"Puebla","Secundaria",19742,2448,"2020-2021"
"Puebla","Media superior",17221,1816,"2020-2021"
"Puebla","Superior",19055,348,"2020-2021"
"Querétaro","Preescolar",4059,1584,"2020-2021"
"Querétaro","Primaria",9010,1528,"2020-2021"
"Querétaro","Secundaria",6223,564,"2020-2021"
"Querétaro","Media superior",6374,308,"2020-2021"
"Querétaro","Superior",9319,113,"2020-2021"
"Quintana Roo","Preescolar",2465,797,"2020-2021"
"Quintana Roo","Primaria",6755,891,"2020-2021"
"Quintana Roo","Secundaria",6231,472,"2020-2021"
"Quintana Roo","Media superior",5886,278,"2020-2021"
"Quintana Roo","Superior",4585,63,"2020-2021"
"San Luis Potosí","Preescolar",6608,3005,"2020-2021"
"San Luis Potosí","Primaria",14379,3142,"2020-2021"
"San Luis Potosí","Secundaria",11086,1672,"2020-2021"
"San Luis Potosí","Media superior",7949,505,"2020-2021"
"San Luis Potosí","Superior",6579,109,"2020-2021"
"Sinaloa","Preescolar",5777,2277,"2020-2021"
"Sinaloa","Primaria",12528,2481,"2020-2021"
"Sinaloa","Secundaria",13258,1009,"2020-2021"
"Sinaloa","Media superior",11511,561,"2020-2021"
"Sinaloa","Superior",10352,142,"2020-2021"
"Sonora","Preescolar",4469,1586,"2020-2021"
"Sonora","Primaria",11979,1798,"2020-2021"
"Sonora","Secundaria",8756,748,"2020-2021"
"Sonora","Media superior",10323,368,"2020-2021"
"Sonora","Superior",10529,163,"2020-2021"
"Tabasco","Preescolar",4882,2064,"2020-2021"
"Tabasco","Primaria",10420,2089,"2020-2021"
"Tabasco","Secundaria",7152,813,"2020-2021"
"Tabasco","Media superior",7455,371,"2020-2021"
"Tabasco","Superior",7166,87,"2020-2021"
"Tamaulipas","Preescolar",5906,2239,"2020-2021"
"Tamaulipas","Primaria",14412,2355,"2020-2021"
"Tamaulipas","Secundaria",11174,784,"2020-2021"
"Tamaulipas","Media superior",12799,505,"2020-2021"
"Tamaulipas","Superior",10731,201,"2020-2021"
"Tlaxcala","Preescolar",2316,819,"2020-2021"
"Tlaxcala","Primaria",6060,780,"2020-2021"
"Tlaxcala","Secundaria",5048,388,"2020-2021"
"Tlaxcala","Media superior",5120,203,"2020-2021"
"Tlaxcala","Superior",3652,61,"2020-2021"
"Veracruz","Preescolar",16515,7573,"2020-2021"
"Veracruz","Primaria",45177,9356,"2020-2021"
"Veracruz","Secundaria",25468,3531,"2020-2021"
"Veracruz","Media superior",25673,1845,"2020-2021"
"Veracruz","Superior",15670,383,"2020-2021"
"Yucatán","Preescolar",4048,1223,"2020-2021"
"Yucatán","Primaria",9498,1390,"2020-2021"
"Yucatán","Secundaria",8751,657,"2020-2021"
"Yucatán","Media superior",6751,452,"2020-2021"
"Yucatán","Superior",8272,136,"2020-2021"
"Zacatecas","Preescolar",3792,1769,"2020-2021"
"Zacatecas","Primaria",8515,1801,"2020-2021"
"Zacatecas","Secundaria",5685,1165,"2020-2021"
"Zacatecas","Media superior",5319,303,"2020-2021"
"Zacatecas","Superior",4046,80,"2020-2021"
